singlish_content,transliterated_L1,man_written
(2/2)kamkaru departhamenthuwa danwai.durakathana anka 0112368502 ho email: irlabur456'gmail.com,( 2 / 2 ) කම්කරු දෙපර්තමෙන්තුව දන්වඉ . දුරකතන අන්ක 0112368502 හෝ‍ එමඉල් : ඉර්ලබුර්456 ' ග්මඉල් . කෝම්,(2/2)කම්කරු දෙපාර්තමේන්තුව දන්වයි .දුරකථන අංකය 0112368502 හෝ email: irlabur456'gmail.com
covid-19 nisa rekiya ahimi wu paudgalika anshaye rekiyawala niyuktha vuwanta e gena denumdena lesa(1/2),covid - 19 නිසා රෙකිය අහිමි වු පෞද්ගලික අන්ශයෙ රෙකියවල නියුක්ත වුවන්ට ඒ ගෙන දෙනුම්දෙන ලෙස ( 1 / 2 ),Covid 19 නිසා රැකියා අහිමි වූ පුද්ගලික අංශයේ රැකියා වල නියුතු වූවන්ට ඒ ගැන දැනුම් දෙන ලෙස
"dubai-hidi miya-giya sanvidanathmaka aparada kalli nayakayeku wana dinuka madushan hewath ""keselwatte dinuka""-ge dehaya diwainata ragena-ei.: police","දුබඉ - හිදි මිය - ගිය සන්විදනත්මක අපරද කල්ලි නයකයෙකු වන දිනුක මදුශන් හෙවත් "" කෙසෙල්වට්ටෙ දිනුක ""- ගෙ දෙහය දිවඉනට රගෙන - එඉ .: පෝලිකෙ",ඩුබායිහි දී මියගිය සංවිධානාත්මක අපරාධ කල්ලි නායකයකු වන දිනුක මධුෂාන් හෙවත්  කෙසෙල්වත්තේ දිනුක ගේ දේහය දිවයිනට රැගෙන එයි පොලිස්
"prawahana emathi samaga sakachchawen pasu dumriya engine riyaduran, niyamakain ethulu sewaka pirisage saketha weda warjanaya awasan kere-dumriya samanyadikari","ප්‍රවහන එමති සමග සකච්චවෙන් පසු දුම්‍රිය එන්ගිනෙ රියදුරන් , නියමකඉන් එතුලු සෙවක පිරිසගෙ සකෙත වෙද වර්ජනය අවසන් කෙරෙ - දුම්‍රිය සමන්යදිකරි",ප්‍රවාහන ඇමති සමග  සාකච්ඡාවෙන් පසු දුම්රිය එන්ජින් රියදුරන් නියාමකයින් ඇතුළු සේවක පිරිසගේ සංකේත වැඩ වර්ජනය අවසන් කෙරේ දුම්රිය අමාත්‍යාංශය
update: locomotive engine riyaduran ha niyamakawarun aramba kala wedawarjanaya awasan karai - dumriya vurtheeya samithi,update : ලෝකෝමෝටිවෙ එන්ගිනෙ රියදුරන් හා නියමකවරුන් අරම්බ කල වෙදවර්ජනය අවසන් කරඉ - දුම්‍රිය වුර්තීය සමිති,Update : Locomotive engine රියදුරන් හා නියාමකවරුන් ආරම්භ කළ වැඩ වර්ජනය අවසන් කරයි දුම්රිය වෘතීය සමිති
"prawaahana amathyawaraya samaga pewathi sakachchawen anathuruwa, weda warjanaya athhituveemata dumriya wruththiya samithi theeranaya karai","ප්‍රවාහන අමත්යවරය සමග පෙවති සකච්චවෙන් අනතුරුව , වෙද වර්ජනය අත්හිටුවීමට දුම්‍රිය වෘත්තිය සමිති තීරනය කරඉ",ප්‍රවාහන අමාත්‍යාංශය සමඟ සමඟ පැවැති සාකච්ඡාවෙන් අනතුරුව වැඩ වැඩවර්ජනය අත්හිටුවීමට දුම්රිය වෘත්තිය සමිති තීරණය කරයි
"(2/2) sekakaruwan 02k athadanguwata, thawath ayeku palayai.: police","( 2 / 2 ) සෙකකරුවන් 02ක් අතදන්ගුවට , තවත් අයෙකු පලයඉ .: පෝලිකෙ",(2/2)සැකකරුවන් 02ක් අත්අඩංගුවට තවත් අයෙකු පලායයි police
"rs.koti 05k pamana watina kerala-ganja parsal 200k anuradhapura, isurupura pradeshaye niwadu nikethanayaka thibe soya gene; (1/2)","ර්ස් . කෝටි 05ක් පමණ වටින කෙරල - ගන්ජ පර්සල් 200ක් අනුරද්හපුර , ඉසුරුපුර ප්‍රදෙශයෙ නිවදු නිකෙතනයක තිබෙ සෝය ගෙනෙ ; ( 1 / 2 )",Rs කෝටි 05ක් පමණ වටිනා කේරළ ගංජා පාර්සල් 200ක් අනුරාධපුර isurupura ප්රදේශයේ නිවාඩු නිකේතනයක තිබී සොයා ගැනේ
"abaditha sebalekta paharadun bandaragama pradeshiya saba manthriwarayek, tharjanaya kala siddiyakata biyagama pradeshiya saba manthriwarayek athadanguwata","අබදිත සෙබලෙක්ට පහරදුන් බන්දරගම ප්‍රදෙශිය සබ මන්ත්‍රිවරයෙක් , තර්ජනය කල සිද්දියකට බියගම ප්‍රදෙශිය සබ මන්ත්‍රිවරයෙක් අතදන්ගුවට",ආබාධිත සෙබළාට පහරදුන් බණ්ඩාරගම ප්‍රදේශයේ සභා මන්ත්‍රීවරයෙක් තර්ජනය කළ සිද්ධියට බියගම ප්‍රදේශයේ සභා මන්ත්‍රීවරයෙක් අත්අඩංගුවට
locomotive engine riyaduran ha dumriya niyamakawarunge peya 24 sanketha weda warjanaya nisa seemitha dumriya gaman waara gananak ada kriyathmaka wei,ලෝකෝමෝටිවෙ එන්ගිනෙ රියදුරන් හා දුම්‍රිය නියමකවරුන්ගෙ පෙය 24 සන්කෙත වෙද වර්ජනය නිසා සීමිත දුම්‍රිය ගමන් වාර ගනනක් අද ක්‍රියත්මක වෙඉ,Locomotive engine රියදුරන් හා දුම්රිය නියාමකවරුන්ගේ පැය24 සංකේතවත් වැඩ වර්ජනය නිසා සීමිත දුම්රිය ගමන් වාර ගණනක් අද ක්‍රියාත්මක වෙයි
dumriya riyaduran saha niyamakawarun weda warjanayaka; dhawanaya wanne kaaryala dumriya kihipayak pamani,දුම්‍රිය රියදුරන් සහ නියමකවරුන් වෙද වර්ජනයක ; ද්හවනය වන්නෙ කාර්යල දුම්‍රිය කිහිපයක් පමනි,දුම්රිය රියදුරන් සහ නියාමකවරුන් වැඩ වැඩවර්ජනයක ධාවනය වන්නේ කාර්යාල දුම්රිය කිහිපයක් පමණයි
"update: swarnamahal jewellers hi hitapu adyakshawarun wana jeewaka, anjalee, asanka ha nalaka edirisinghe marthu 30 dakwa remand- adaderana.lk","update : ස්වර්නමහල් ජෙවෙල්ලෙර්ස් හි හිටපු අද්යක්ශවරුන් වන ජීවක , අන්ජලී , අසන්ක හා නලක එදිරිසින්ග්හෙ මර්තු 30 දක්වා රෙමන්ද් - අදදෙරන . ල්ක්",Update : ස්වර්නමහල් ජුවලර්ස් හි හිටපු අධ්‍යක්ෂකවරුන් වන ජීවක අන්ජලී අසංක හා නාලක එදිරිසිංහ මාර්තු 30 දක්වා රිමාන්ඩ් adaderana.lk
thawath corona marana 03k wartha wei.marana sankyawa 537 dakwa ihalata.- saukya sewa adyaksha genaral.,තවත් කෝරෝන මරන 03ක් වර්ත වෙඉ . මරන සන්ක්යව 537 දක්වා ඉහලට .- සෞක්ය සෙව අද්යක්ශ ගෙනරල් .,තවත් කොරෝනා මරණ 3ක් වාර්තා වෙයි වාර්තා වෙයි මරණ සංඛ්‍යාව 537 දක්වා ඉහලට සෞඛ්‍ය සේවා අධ්‍යක්ෂ ජනරාල්
"update: athadanguwata gath swarnamahal jewellers hitapu adyakshawarun wana jeewaka, deepa, asanka saha nalaka edirisinghe 03/30 dakwa remand.: reporter","update : අතදන්ගුවට ගත් ස්වර්නමහල් ජෙවෙල්ලෙර්ස් හිටපු අද්යක්ශවරුන් වන ජීවක , දීප , අසන්ක සහ නලක එදිරිසින්ග්හෙ 03 / 30 දක්වා රෙමන්ද් .: රෙපෝර්ටෙර්","Update : අත්අඩංගුවට ගත් ස්වර්ණමහල් ජුවලර්ස් හි හිටපු අධ්‍යක්ෂ වරුන් වන ජීවක, ද්ඊපා, අසංක සහ නාලක ඉදිරිසිංහ 03/30දක්වා remand . Reporter"
ada covid-19 asaditha marana 03 k wartha weemath samaga merata samastha marana ganana 537 dakwa ihalata - saukya amathyanshaya,අද covid - 19 අසදිත මරන 03 ක් වර්ත වීමත් සමග මෙරට සමස්ත මරන ගනන 537 දක්වා ඉහලට - සෞක්ය අමත්යන්ශය,අද covid 19 ආසාදිත මරණ 3ක් වාර්තා වාර්තා වීමත් සමග වාර්තාවීමත් සමඟ මෙරට සමස්ත මරණ ගණන 537 දක්වා ඉහළට සෞඛ්‍ය අමාත්‍යාංශය
thawath covid-19 marana 03k wartha-wei; samastha marana 537 dakwa ihalata.: information department,තවත් covid - 19 මරන 03ක් වර්ත - වෙඉ ; සමස්ත මරන 537 දක්වා ඉහලට .: ඉන්fඕර්මටිඕන් දෙපර්ට්මෙන්ට්,තවත් covid 19 මරණ 3ක් වාර්තා වෙයි වාර්තා වෙයි සමස්ත මරණ 537 දක්වා ඉහලට information department
update: thawath covid-19 asadithayin 140 deneku haduna ganne.ada wartha wu asadithayin ganana 322 dakwa ihalata - yuda hamudapathi,update : තවත් covid - 19 අසදිතයින් 140 දෙනෙකු හදුන ගන්නෙ . අද වර්ත වු අසදිතයින් ගනන 322 දක්වා ඉහලට - යුද හමුදපති,Update : තවත් covid 19 ආසාදිතයින් 140 දෙනකු හඳුනා ගැනේ අද වාර්තා වූ ආසාදිතයින් ගණන 322 දක්වා ඉහළට යුද හමුදා පති
"update - 03/23 dakwa remand kala hitapu emathi ravi karunanayake athulu 08-dena, welikada bandanagaraye nirodayana madyasthanaya wetha yomu kere","update - 03 / 23 දක්වා රෙමන්ද් කල හිටපු එමති රවි කරුනනයකෙ ඇතුළු 08 - දෙන , වෙලිකද බන්දනගරයෙ නිරෝදයන මද්යස්තනය වෙත යෝමු කෙරෙ",update : 03/23 දක්වා රිමාන්ඩ් කළ හිටපු ඇමති ඇමැති රවි කරුණානායක ඇතුළු 8 දෙනා වැලිකඩ බන්ධනාගාරයේ නිරෝධායන මධ්‍යස්ථානය වෙත යොමු කෙරේ
update: marthu 23 dakwa remand kala hitapu amathya ravi karunanayake ethulu 8 dena welikada bandanagaraye nirodayana madysthanayata,update : මර්තු 23 දක්වා රෙමන්ද් කල හිටපු අමත්ය රවි කරුනනයකෙ එතුලු 8 දෙන වෙලිකද බන්දනගරයෙ නිරෝදයන මද්ය්ස්තනයට,Update : මාර්තු 23 දක්වා remand  කළ හිටපු අමාත්‍ය රවී කරුණානායක ඇතුළු 8 දෙනා වැලිකඩ බන්ධනාගාරයෙන් නිරෝධායන මධ්‍යස්ථානයකට
maha banku bendumkara chodanawata adalawa hitapu emathi ravi karunanayake athulu 08-dena 03/23 dakwa remand kirimata colamba mahadhikaranayen niyoga,මහ බන්කු බෙන්දුම්කර චෝදනවට අදලව හිටපු එමති රවි කරුනනයකෙ ඇතුළු 08 - දෙන 03 / 23 දක්වා රෙමන්ද් කිරිමට කෝලම්බ මහද්හිකරනයෙන් නියෝග,මහ බැංකු බැඳුම්කර චෝදනාවට අදාළව හිටපු ඇමැති රවි කරුණානායක ඇතුළු 8දෙනා 03/23 දක්වා රිමාන්ඩ් කිරීමට කොළඹ මහාධිකරණයෙන් නියෝග
2016 wasare sidu wu bedumkara wanchawata adalawa hitapu amathya ravi karunanayake ethulu 9 deneku marthu 23 dakwa remand,2016 වසරෙ සිදු වු බෙදුම්කර වන්චවට අදලව හිටපු අමත්ය රවි කරුනනයකෙ එතුලු 9 දෙනෙකු මර්තු 23 දක්වා රෙමන්ද්,2016 වසරෙහි සිදුවූ බැඳුම්කර වංචාවට අදාළව හිටපු අමාත්‍ය රවී කරුණානායක ඇතුළු 9 දෙනෙකු මාර්තු 23 දක්වා remand
covid-19 asadithayin 182 deneku haduna ganne - yuda hamudapathi,covid - 19 අසදිතයින් 182 දෙනෙකු හදුන ගන්නෙ - යුද හමුදපති,Covid 19 ආසාදිතයින් 182 දෙනෙකු හඳුනා ගැනේ යුද හමුදා පති
update: azath salley thawaduratath randawagena prashna kirimata cid-yata awasara.: police spokesman,update : අzඅත් සල්ලෙය් තවදුරටත් රන්දවගෙන ප්‍රශ්න කිරිමට කිද් - යට අවසර .: පෝලිකෙ ස්පෝකෙස්මන්,update : අසාත් සාලි තවදුරටත් රඳවාගෙන ප්‍රශ්න කිරීමට CID ට අවසර : police spokesman
"update: swarnamahal jewellers hitapu adyakshawarun wana jeewaka, deepa, asanka ha nalaka edirisinghe kotuwa mahesthrath adikaranayata idiripath kere","update : ස්වර්නමහල් ජෙවෙල්ලෙර්ස් හිටපු අද්යක්ශවරුන් වන ජීවක , දීප , අසන්ක හා නලක එදිරිසින්ග්හෙ කෝටුව මහෙස්ත්‍රත් අදිකරනයට ඉදිරිපත් කෙරෙ","Update : සරණmahal  ජුවලර්ස් හි හිටපු අධ්‍යක්ෂකවරුන් වන ජීවක, දීපා,අසංක, නාලක එදිරිසිංහ කොටුව මහේස්ත්‍රාත් අධිකරණයට ඉදිරිපත් කෙරේ"
"swarnamahal jewellers hi hitapu adyakshawarun wana jeewaka, anjalee, asanka ha nalaka edirisinghe kotuwa mahesthrath adhikaranaya hamuwata","ස්වර්නමහල් ජෙවෙල්ලෙර්ස් හි හිටපු අද්යක්ශවරුන් වන ජීවක , අන්ජලී , අසන්ක හා නලක එදිරිසින්ග්හෙ කෝටුව මහෙස්ත්‍රත් අද්හිකරනය හමුවට","ස්වර්ණමහල් ජුවලර්ස් හි හිටපු අධ්‍යක්ෂකවරුන් වන ජීවක  ,අන්ජලී, අසංක හා නාලක එදිරිසිංහ කොටුව මහේස්ත්‍රාත් අධිකරණය හමුවට"
dumriya riyaduran saha niyamakawarun aramba kala hadisi weda warjanaya thawakalikawa athhituwai.: trade unions,දුම්‍රිය රියදුරන් සහ නියමකවරුන් අරම්බ කල හදිසි වෙද වර්ජනය තවකලිකව අත්හිටුවඉ .: ට්‍රදෙ උනිඕන්ස්,දුම්රිය රියදුරන් සහ නියාමකවරුන් ආරම්භ කළ හදිසි වැඩ වර්ජනය තාවකාලිකව අත්හිටුවයි trade union
"thawath covid-19 asadithayin 354k suwaya laba pitawa yai; suwaya labu mulu sankyawa 85,725.: epid","තවත් covid - 19 අසදිතයින් 354ක් සුවය ලබ පිටව යඉ ; සුවය ලබු මුලු සන්ක්යව 85 , 725 .: එපිද්","තවත් Covid 19 ආසාදිතයින් 354ක් සුවය ලබා පිටව යයි  සුවය ලැබූ මුළු සංඛ්‍යාව 85,725:EPID"
"dumriya engine riyadura niyamakain,aethulu sewakain pirisak arambha kala hadisi wedawarjanaya thawakalikawa athhituwai.","දුම්‍රිය එන්ගිනෙ රියදුර නියමකඉන් , අඑතුලු සෙවකඉන් පිරිසක් අරම්බ්හ කල හදිසි වෙදවර්ජනය තවකලිකව අත්හිටුවඉ .",දුම්රිය එන්ජින් රියදුරු නියාමකයින් ඇතුළු සේවකයින් පිරිසක් ආරම්භ කළ හදිසි වැඩ වර්ජනය තාවකාලිකව අත්හිටුවයි
dumriya riyaduran saha niyamakawarun hadisi weda warjanayak aramba karai.: trade unions,දුම්‍රිය රියදුරන් සහ නියමකවරුන් හදිසි වෙද වර්ජනයක් අරම්බ කරඉ .: ට්‍රදෙ උනිඕන්ස්,දුම්රිය රියදුරන් සහ නියාමකවරුන් හදිසි වැඩවර්ජනයක් ආරම්භ කරයි trade union
dumriya engine riyaduran niyamakain ethulu sewakain pirisak hadisi wruththiya samithi kriyamargayaka.dumriya gaman pramada wei.,දුම්‍රිය එන්ගිනෙ රියදුරන් නියමකඉන් එතුලු සෙවකඉන් පිරිසක් හදිසි වෘත්තිය සමිති ක්‍රියමර්ගයක . දුම්‍රිය ගමන් ප්‍රමද වෙඉ .,දුම්රිය එන්ජින් රියදුරන් රියදුරන් නියාමකයින් ඇතුළු සේවකයින් පිරිසක් හදිසි වෘත්තීය සමිති ක්‍රියාමාර්ගයක. දුම්රිය ගමන් ප්‍රමාද වෙයි
sakshi wasan kirime chodanawata adalawa athadanguwata gath cid hitapu adyaksha shani abeysekara athulu 03-dena marthu 31 dakwa yali remand.: reporter,සක්ශි වසන් කිරිමෙ චෝදනවට අදලව අතදන්ගුවට ගත් කිද් හිටපු අද්යක්ශ ශනි අබෙය්සෙකර ඇතුළු 03 - දෙන මර්තු 31 දක්වා යලි රෙමන්ද් .: රෙපෝර්ටෙර්,සත්‍ය වසන් කිරීමේ චෝදනාවට අදාළව අත ට අදාළව අත්අඩංගුවට ගත් CID හිටපු අධ්‍යක්ෂ ශානි අබේසේකර ඇතුළු තුන්දෙනා මාර්තු 31 දක්වා යළි remand  reporter
"2016 marthu 29,31 dinawala badumkara wendesiwala wanchawata adalawa neethipathi departhamentuwa colombo tripudgala mahadikaranaya hamuwe adhichodana gonu karai.","2016 මර්තු 29 , 31 දිනවල බදුම්කර වෙන්දෙසිවල වන්චවට අදලව නීතිපති දෙපර්තමෙන්ටුව කෝලෝම්බෝ ට්‍රිපුද්ගල මහදිකරනය හමුවෙ අද්හිචෝදන ගෝනු කරඉ .","2016 මාර්තු 29,31 දිනවල බැඳුම්කර වෙන්දේසි වල වංචාවට අදාළව අදාළව නීතිපති දෙපාර්තමේන්තුව colombo ත්‍රිපුද්ගල මහාධිකරණය හමුවේ අධි චෝදනා ගොනු කරයි"
(2/2)erehiwa panawa ethi waarana niyogaya colamba disa adhikaranayen may 7 dakwa thawaduratath deerga karai,( 2 / 2 ) එරෙහිව පනව එති වාරන නියෝගය කෝලම්බ දිස අද්හිකරනයෙන් මය් 7 දක්වා තවදුරටත් දීර්ග කරඉ,(2/2) එරෙහිව පනවා ඇති වාරණ නියෝගය කොළඹ දිසා අධිකරණයෙන් මැයි 7 දක්වා තවදුරටත් දීර්ඝ කරයි
george steuart health samagamata ha ehi sabapathita apahasa wana lesa puwath pala kireema walakwalamin mtv/sirasa ta(1/2),ගෙඕර්ගෙ ස්ටෙඋඅර්ට් හේල්ත් සමගමට හා එහි සබපතිට අපහස වන ලෙස පුවත් පල කිරීම වලක්වලමින් ම්ට්ව් / සිරස ට ( 1 / 2 ),George Steuart Health  සමාගමට හා එහි සභාපති අපහාස වන ලෙස වනලෙස පුවත් ලෙස පුවත් පල කිරීම වළක්වමින් MTV/සිරසට (1/2)
(2/2)parlimenthuwe dee viwadayata ganeema sadaha parlimenthu karaka sabha rasweeme dee theeranaya karai,( 2 / 2 ) පර්ලිමෙන්තුවෙ දී විවදයට ගනීම සදහ පර්ලිමෙන්තු කරක සබ්හ රස්වීමෙ දී තීරනය කරඉ,(2/2) පාර්ලිමේන්තුවේදී විවාදයට ගැනීම සඳහා පාර්ලිමේන්තු කාරක සභා රැස්වීමේදී තීරණය කරයි
paasku irudina praharaya gena wimarshanaya kala janadhipathi komisame warthawa marthu 25 ha 26(1/2),පාස්කු ඉරුදින ප්‍රහරය ගෙන විමර්ශනය කල ජනද්හිපති කෝමිසමෙ වර්තව මර්තු 25 හා 26 ( 1 / 2 ),පාස්කු ඉරුදින ප්‍රහාරය ගැන විමර්ශනය කළ ජනාධිපති කොමිසමේ වාර්තාව මාර්තු 25  හා  26
bedumkara wanchawata adalawa 2016 marthu 29 ha 31 sidu wu bedumkara wendesiya pilibanda neethipathi vishesha mahadhikaranaye adhi chodana gonu karai,බෙදුම්කර වන්චවට අදලව 2016 මර්තු 29 හා 31 සිදු වු බෙදුම්කර වෙන්දෙසිය පිලිබන්ද නීතිපති විශේෂ මහද්හිකරනයෙ අද්හි චෝදන ගෝනු කරඉ,බැඳුම්කර වංචාවට අදාලව 2016 මාර්තු 29 හා 31 සිදු වූ බැඳුම්කර වෙන්දේසිය පිළිබඳ නීතිපති විශේෂ මහාධිකරණයේ අධිචෝදනා ගොනු කරයි
2016 marthu 29 ha 31 bendumkara wendesi waladi sidu-wu wancha gena neethipathi wisin colamba thri-pudgala mahadikaranaya hamuwe adhi-chodana gonu karai,2016 මර්තු 29 හා 31 බෙන්දුම්කර වෙන්දෙසි වලදි සිදු - වු වන්ච ගෙන නීතිපති විසින් කෝලම්බ ත්‍රි - පුද්ගල මහදිකරනය හමුවෙ අද්හි - චෝදන ගෝනු කරඉ,2016 මාර්තු 29 හා 31 31 බැඳුම්කර වෙන්දේසි වල දී සිදු වූ   වංචා ගැන නීතිපති විසින් කොළඹ ත්‍රිපුද්ගල මහාධිකරණය හමුවේ  අධිචෝදනා ගොනු කරයි
"update - cid athadanguwata path azath salley-ge motor rathaye thibi, vides rataka nishpaditha pistholayak soya-gane.: police spokesman","update - කිද් අතදන්ගුවට පත් අzඅත් සල්ලෙය් - ගෙ මෝටෝර් රතයෙ තිබි , විදෙස් රටක නිශ්පදිත පිස්තෝලයක් සෝය - ගනෙ .: පෝලිකෙ ස්පෝකෙස්මන්",Update : CID අත්අඩංගුවට පත් අසාත් සාලිගේ මෝටර් රථයේ තිබී විදෙස් රටක නිෂ්පාදිත පිස්තෝලයක් සොයාගැනේ police spokesman
(2/2)nalaka edirisinghe ada kotuwa mahesthrath adhikaranaya hamuwata,( 2 / 2 ) නලක එදිරිසින්ග්හෙ අද කෝටුව මහෙස්ත්‍රත් අද්හිකරනය හමුවට,(2/2)නාලක එදිරිසිංහ අද කොටුව මහේස්ත්‍රාත් අධිකරණය හමුවට
"athadanguwata gath swarnamahal jewellers hi hitapu adyakshawarun wana jeewaka edirisinghe, anjalee edirisinghe asanka edirisinghe ha(1/2)","අතදන්ගුවට ගත් ස්වර්නමහල් ජෙවෙල්ලෙර්ස් හි හිටපු අද්යක්ශවරුන් වන ජීවක එදිරිසින්ග්හෙ , අන්ජලී එදිරිසින්ග්හෙ අසන්ක එදිරිසින්ග්හෙ හා ( 1 / 2 )",අත්අඩංගුවට ගත් සරණ මහා ජුවලර්ස් යි හිටපු අධ්‍යක්ෂකවරුන් වන ජීවක එදිරිසිංහ අන්ජලී එදිරිසිංහ අසංක එදිරිසිංහ හා (1/2)
randawagena prashna karana hitapu andukara azath sally ge motor rathaye thibee vides rataka nishpaditha pistholayak cid ya soya ganne,රන්දවගෙන ප්‍රශ්න කරන හිටපු අන්දුකර අzඅත් සල්ල්ය් ගෙ මෝටෝර් රතයෙ තිබී විදෙස් රටක නිශ්පදිත පිස්තෝලයක් කිද් ය සෝය ගන්නෙ,රඳවාගෙන ප්‍රශ්න කරන හිටපු ආණ්ඩුකාර අසාත් සාලිගේ මෝටර් රථයේ තිබී විදෙස් රටක නිෂ්පාදිත පිස්තෝලයක් CID සොයා ගැනේ
rs.miliyana 20 ka heroin 2kg samaga pudgalayeku rajagairiye dee stf athadanguwata,ර්ස් . මිලියන 20 ක හෙරෝඉන් 2ක්ග් සමග පුද්ගලයෙකු රජගඉරියෙ දී ස්ට්f අතදන්ගුවට,Rs මිලියන 20ක හා හෙරොයින් 2kg සමග සමඟ පුද්ගලයෙකු රාජගිරියේ දී STF අත්අඩංගුවට
stf rajagiriye kala wetalimakin rs.koti 02ta adika watinakamin yuth heroin 2kg k samaga sekakaruweku athadanguwata.-stf,ස්ට්f රජගිරියෙ කල වෙටලිමකින් ර්ස් . කෝටි 02ට අදික වටිනකමින් යුත් හෙරෝඉන් 2ක්ග් ක් සමග සෙකකරුවෙකු අතදන්ගුවට .- ස්ට්f,STF රාජගිරියේ දී කළ වැටලීමකින් rs කෝටි 2කට අධික වටිනාකමකින් යුතු හෙරොයින් සමග  සැකකරුවෙකු අත්අඩංගුවට STF
update: thawath covid-19 asadithayin 120 deneku haduna ganne.ada wartha wu asadithayin ganana 274 dakwa ihalata - yuda hamudapathi,update : තවත් covid - 19 අසදිතයින් 120 දෙනෙකු හදුන ගන්නෙ . අද වර්ත වු අසදිතයින් ගනන 274 දක්වා ඉහලට - යුද හමුදපති,Update : තවත් covid 19  ආසාදිතයින් 120 දෙනෙකු හඳුනා ගැනේ අද වාර්තා වූවා වූ ආසාදිතයින් ගණන 274 දක්වා ඉහලට යුද හමුදා පති
covid-19 asaditha marana 02 k ada wartha weemath samaga merata samastha marana 534 dakwa ihalata - saukya amathyanshaya,covid - 19 අසදිත මරන 02 ක් අද වර්ත වීමත් සමග මෙරට සමස්ත මරන 534 දක්වා ඉහලට - සෞක්ය අමත්යන්ශය,covid 19 ආසාදිත මරණ මරණ 2ක් අද වාර්තා වාර්තා වීමත් සමග මෙරට සමස්ත මරණ 534 දක්වා ඉහළට සෞඛ්‍ය අමාත්‍යාංශය
palath sabha jandaya kadinamin pewethweemata janadhipathiwaraya  sagama pewathi sakachchawedi.. (1/2),පලත් සබ්හ ජන්දය කදිනමින් පෙවෙත්වීමට ජනද්හිපතිවරය සගම පෙවති සකච්චවෙදි .. ( 1 / 2 ),පළාත් සභා ඡන්දය කඩිනමින් පැවැත්වීමට ජනාධිපතිවරයා සමග පැවති සාකච්ඡාවේදී (1/2)
.andu paksha nayakainge ekagathawaya palawu bawa cabinet prakashaka amathya  keheliya rambukwella kiyai.(2/2),. අන්දු පක්ශ නයකඉන්ගෙ එකගතවය පලවු බව කබිනෙට් ප්‍රකශක අමත්ය කෙහෙලිය රම්බුක්වෙල්ල කියඉ .( 2 / 2 ),ආණ්ඩු පක්ෂ නායකයින්ගේ එකඟතාවය  පළවූ බව කැබිනට් ප්‍රකාශක  අමාත්‍ය කෙහෙළිය රඹුක්වැල්ල කියයි
update: thrasthawadaya walakweeme panathe vidiwidana yatathe azath sally randawagena prashna kere - police maadya prakashaka,update : ත්‍රස්තවදය වලක්වීමෙ පනතෙ විදිවිදන යටතෙ අzඅත් සල්ල්ය් රන්දවගෙන ප්‍රශ්න කෙරෙ - පෝලිකෙ මාද්ය ප්‍රකශක,Update : ත්‍රස්තවාදය වැළැක්වීමේ පනතේ විධිවිධාන යටතේ අසාත් සාලි රඳවාගෙන ප්‍රශ්න කෙරේ police  මාධ්‍ය ප්‍රකාශක
thawath corona asadithain 154k handuna gene.-rajaye prauththi departhamenthuwa,තවත් කෝරෝන අසදිතඉන් 154ක් හන්දුන ගෙනෙ .- රජයෙ ප්‍රෞත්ති දෙපර්තමෙන්තුව,තවත් කොරෝනා ආසාදිතයින් 154ක් හඳුනාගැනේ රජයේ ප්‍රවෘත්ති දෙපාර්තමේන්තුව
update:cid athadanguwata patj azath salley thrasthawadaya welekweeme panatha yatathe randawa thaba wimarshanaya kirimata piyawara.-police madya prakashaka,update : කිද් අතදන්ගුවට පට්ජ් අzඅත් සල්ලෙය් ත්‍රස්තවදය වෙලෙක්වීමෙ පනත යටතෙ රන්දව තබ විමර්ශනය කිරිමට පියවර .- පෝලිකෙ මද්ය ප්‍රකශක,Update : CID අත්අඩංගුවට අසාත් සාලි ත්‍රස්තවාදය වැළකීමේ පනත යටතේ රඳවා තබා විමර්ශනය කිරීමට පියවර police  මාධ්‍ය ප්‍රකාශක
basnahira palath hitapu andukara azath salley kollupitiyedi cid athadanguwata.,බස්නහිර පලත් හිටපු අන්දුකර අzඅත් සල්ලෙය් කෝල්ලුපිටියෙදි කිද් අතදන්ගුවට .,බස්නාහිර පළාත් හිටපු ආණ්ඩුකාර අසාද් සාලි කොල්ලුපිටියේ දී සීයයි CID අත්අඩංගුවට
neethipathi upades matha hitapu andukara azath sally cid athadanguwata,නීතිපති උපදෙස් මත හිටපු අන්දුකර අzඅත් සල්ල්ය් කිද් අතදන්ගුවට,නීතිපති උපදෙස් මත හිටපු ආණ්ඩුකාර අසාද් සාලි CID අත්අඩංගුවට
covid-19 asadithayin 154 deneku haduna ganne - yuda hamudapathi,covid - 19 අසදිතයින් 154 දෙනෙකු හදුන ගන්නෙ - යුද හමුදපති,Covid 19 ආසාදිතයින් 154 දෙනෙකු හඳුනා ගනී යුද හමුදා පති
talaimannarama dumriya haras maargayakadi magee bus rathayak ha dumriyak gateemen wu anathurakin 09 hawiridi sisuweku miyayai.thawath 15 denekuta thuwala,ටලඉමන්නරම දුම්‍රිය හරස් මාර්ගයකදි මගී බුස් රතයක් හා දුම්‍රියක් ගටීමෙන් වු අනතුරකින් 09 හවිරිදි සිසුවෙකු මියයඉ . තවත් 15 දෙනෙකුට තුවල,තලෙයිමන්නාරම දුම්රිය හරස් මාර්ගය කදී මගකදී මගී බස් රථයක් හා දුම්රියක් ගැටීමෙන් වූ අනතුරකින් 9 හැවිරිදි සිසුවකු මියයයි තවත් 15 දෙනෙකු තුවාල
dahampasal shreni wibhaga labana may 09 dakwa kal dame.- baudha katayuthu comasaris genaral.,දහම්පසල් ශ්‍රෙනි විබ්හග ලබන මය් 09 දක්වා කල් දමෙ .- බෞද්හ කටයුතු කෝමසරිස් ගෙනරල් .,දහම් පාසල් ශ්‍රේණි විභාග ලබන මැයි 9 දක්වා කල් දැමේ කල් දැමේ බුද්ධ කටයුතු කොමසාරිස් ජනරාල්
(2/2)eya sakachcha wemin pawathina hudek yojanawak pamanak bawa videsha lekam kiyai,( 2 / 2 ) එය සකච්ච වෙමින් පවතින හුදෙක් යෝජනවක් පමනක් බව විදෙශ ලෙකම් කියඉ,(2/2) එය සාකච්ඡා වෙමින් පවතින හුදෙක් යෝජනාවක් පමණක් බව විදේශ ලේකම් කියයි
"burkawa ha nikabaya peladima thahanam kirimata rajaya thiranayak gena nomethi bawath, eya hudek yojanawak pamanak bawath widesha katayuthu amathyanshaya kiyai.","බුර්කව හා නිකබය පෙලදිම තහනම් කිරිමට රජය තිරනයක් ගෙන නෝමෙති බවත් , එය හුදෙක් යෝජනවක් පමනක් බවත් විදෙශ කටයුතු අමත්යන්ශය කියඉ .",බුර්කාව හා නිකාබය පැළඳීම තහනම් කිරීමට රජය තීරණයක් ගෙන නොමැති බවත් එය හුදෙක් යෝජනාවක් පමණක් බවත් විදේශ කටයුතු අමාත්‍යංශය කියයි
merata burqawa ho niqabaya peladeemata thahanamak penaweema sadaha rajaya theeranayak gena nomethi athara(1/2),මෙරට බුර්qඅව හෝ‍ නිqඅබය පෙලදීමට තහනමක් පෙනවීම සදහ රජය තීරනයක් ගෙන නෝමෙති අතර ( 1 / 2 ),මෙරට බුරුකාව හෝ නිකාබය පැළඳීමට තහනමක් පැනවීම සඳහා රජය තීරණයක් ගෙන නොමැති අතර
thaleimannaramedi magi bus rathayak dumriyaka getimen 09 hewiridi pasal daruweku maruta.15 denekuta thuwala.- police madya prakashaka,තලෙඉමන්නරමෙදි මගි බුස් රතයක් දුම්‍රියක ගෙටිමෙන් 09 හෙවිරිදි පසල් දරුවෙකු මරුට . 15 දෙනෙකුට තුවල .- පෝලිකෙ මද්ය ප්‍රකශක,තලෙයි මන්නාරමේ දී මගී බස් රථයක් දුම්රියක ගැටීමෙන් 9 හැවිරිදි පාසල් දරුවෙකු මරුට 15 දෙනෙකුට තුවාල පොලිස් මාධ්‍ය ප්‍රකාශක
(2/2)asanka edirisinghe ha nalaka edirisinghe cid athadanguwata,( 2 / 2 ) අසන්ක එදිරිසින්ග්හෙ හා නලක එදිරිසින්ග්හෙ කිද් අතදන්ගුවට,අසංක එදිරිසිංහ හා නාලක එදිරිසිංහ CID අත්අඩංගුවට
"neethipathi upades matha swarnamahal jewellers hitapu adyakshawarun wana jeewaka edirisinghe, anjalee edirisinghe(1/2)","නීතිපති උපදෙස් මත ස්වර්නමහල් ජෙවෙල්ලෙර්ස් හිටපු අද්යක්ශවරුන් වන ජීවක එදිරිසින්ග්හෙ , අන්ජලී එදිරිසින්ග්හෙ ( 1 / 2 )",නීතිපති උපදෙස් මත ස්වර්ණමහල්  jewellers හිටපු අධ්‍යක්ෂවරුන් වන ජීවක ඉදිරිසිංහ අන්ජලී එදිරිසිංහ
"covid-19 asadithayin 402 deneku suwaya labai.merata suwaya labaa rohalwalin pitawa giya samastha ganana 85,371 dakwa ihalata - saukya amathyanshaya","covid - 19 අසදිතයින් 402 දෙනෙකු සුවය ලබඉ . මෙරට සුවය ලබා රෝහල්වලින් පිටව ගිය සමස්ත ගනන 85 , 371 දක්වා ඉහලට - සෞක්ය අමත්යන්ශය",Covid 19 ආසාදිතයින් 402 දෙනෙකු සුවය ලබයි .මෙරට සුවය ලබා රෝහල්වලින් පිටව ගිය සමස්ත ගණන 85 371 දක්වා ඉහලට සෞඛ්‍ය අමාත්‍යාංශය
amerikanu dollarayata sapekshawa sri lanka rupiyale agaya thawaduratath pahalata.amerikanu dollarayaka wikunum mila rs.200.06 - cbsl,අමෙරිකනු දෝල්ලරයට සපෙක්ශව ශ්‍රී ලන්ක රුපියලෙ අගය තවදුරටත් පහලට . අමෙරිකනු දෝල්ලරයක විකුනුම් මිල ර්ස් . 200 . 06 - ක්බ්ස්ල්,ඇමරිකානු  ඩොලරයට සාපේක්ෂව ශ්‍රී ලංකා රුපියලේ අගය තවදුරටත් පහළට ඇමරිකානු ඩොලරයක  විකුනුම් මිල Rs.200.06-CBSL
antigua hidee pasugiya irida batahira kodew kandayamata erehiwa pewathi 3 ekdina tharagaye dee mandagamee panduwara wegayak(1/2),අන්ටිගුඅ හිදී පසුගිය ඉරිද බටහිර කෝදෙව් කන්දයමට එරෙහිව පෙවති 3 එක්දින තරගයෙ දී මන්දගමී පන්දුවර වෙගයක් ( 1 / 2 ),Antigua හි දී පසුගිය ඉරිදා බටහිර කොදෙව් කණ්ඩායමට එරෙහිව පැවැති 3 එක්දින තරගයේදී මන්දගාමී පන්දු වාරයක්
(2/2)pawathwagena yaama nisa sri lanka kandayamata tharaga gasthuwen 40% ka dhadayak niyama karai - icc,( 2 / 2 ) පවත්වගෙන යාම නිසා ශ්‍රී ලන්ක කන්දයමට තරග ගස්තුවෙන් 40 % ක ද්හදයක් නියම කරඉ - ඉක්ක්,පවත්වාගෙන යාම නිසා ශ්‍රී ලංකා කණ්ඩායමට තරඟ ගාස්තුවෙන් 40%ක දඩයක් නියම කරයි - ICC
indiyawe adani samagama hemikaru gautam adani sri lanka rajayata sthuthiya pala karai.(2/2),ඉන්දියවෙ අදනි සමගම හෙමිකරු ගෞටම් අදනි ශ්‍රී ලන්ක රජයට ස්තුතිය පල කරඉ .( 2 / 2 ),ඉන්දියාවේ Adani සමාගම හිමිකරු Gautam Adani ශ්‍රී ලංකා රජයට ස්තුතිය ස්තුතිය පළ කරයි
colomba waraye batahira paryanthaya godanegeema sadaha tamanta awasthawa laba deema pilibada.. (1/2),කෝලෝම්බ වරයෙ බටහිර පර්යන්තය ගෝදනෙගීම සදහ ටමන්ට අවස්තව ලබ දීම පිළිබඳ .. ( 1 / 2 ),කොළඹ වරාය බටහිර පර්යන්තය ගොඩනැගීම සඳහා තමාට අවස්ථාව ලබාදීම පිළිබඳ
sinharaja wanantharaye gas kepu sekakaruwan 4 deneku stf atthadanguwata.-police.,සින්හරජ වනන්තරයෙ ගස් කෙපු සෙකකරුවන් 4 දෙනෙකු ස්ට්f අට්තදන්ගුවට .- පෝලිකෙ .,සිංහරාජ වනාන්තරයේ ගස් කැපූ සැකකරුවන් 4 දෙනෙකු STF අත්අඩංගුවට police
vee alewi mandalaya goveengen miladee ganna vee thoga sahal bawata path kara akandawa(1/2),වී අලෙවි මන්දලය ගෝවීන්ගෙන් මිලදී ගන්න වී තෝග සහල් බවට පත් කර අකන්දව ( 1 / 2 ),වී අලවි මන්ඩලයේ ගොවීන්ගෙන් මිලදී ගන්නා වී තොග සහල් බවට පත්කර අඛණ්ඩව
(2/2)sathosa shaka jaalaya magin kadinamin beda hareemata amathya mandalaya theeranaya karai,( 2 / 2 ) සතෝස ශක ජාලය මගින් කදිනමින් බෙද හරීමට අමත්ය මන්දලය තීරනය කරඉ,සතොස ශාඛා ජාලය මගින් කඩිනමින් බෙදාහැරීමට අමාත්‍ය මණ්ඩලය තීරණය කරයි
"yuda hamuda buddi anshaya labadun thorathurakata anuwa,rs.5000 wyaja mudal nottu 124k samaga sakakaruwan 02k oluwil pradeshayedi athadanguwata.police","යුද හමුද බුද්දි අන්ශය ලබදුන් තෝරතුරකට අනුව , ර්ස් . 5000 ව්යජ මුදල් නෝට්ටු 124ක් සමග සකකරුවන් 02ක් ඕලුවිල් ප්‍රදෙශයෙදි අතදන්ගුවට . පෝලිකෙ",යුද හමුදා බුද්ධි අංශය ලැබුණු තොරතුරකට අනුව Rs.5000 වටිනා මුදල් නෝට්ටු 124ක් සමග සැකකරුවන් 02ක් ඔලුවිල් ප්‍රදේශයේදී අත්අඩංගුවට police
"yuda hamuda buddhi thorathurakata kala wetalaeemakadi rs.5000 wayaja mudal nottu 124 k samaga pudgalayin dedeneku akkaraipattu, oluwil hidee athadanguwata","යුද හමුද බුද්ද්හි තෝරතුරකට කල වෙටලඊමකදි ර්ස් . 5000 වයජ මුදල් නෝට්ටු 124 ක් සමග පුද්ගලයින් දෙදෙනෙකු අක්කරඉපට්ටු , ඕලුවිල් හිදී අතදන්ගුවට",යුද හමුදා බුද්ධි තොරතුරකට කළ වැටලීමකදී Rs.5000 වටිනා මුදල් නෝට්ටු 124ක් සමඟ පුද්ගලයෙකු අක්කරේපත්තු ඔලුවිල් හිදී අත්අඩංගුවට
"colamba - wellaveediya pradeshayedi narcotics niladarin sidu-kala wetalimakin, ice mathdrawya 1kg samaga sekakaruwan 02-k(29,37) athadanguwata","කෝලම්බ - වෙල්ලවීදිය ප්‍රදෙශයෙදි නර්කෝටික්ස් නිලදරින් සිදු - කල වෙටලිමකින් , ඉකෙ මත්ද්‍රව්ය 1ක්ග් සමග සෙකකරුවන් 02 - ක් ( 29 , 37 ) අතදන්ගුවට","කොළඹ වේල්ලවීදිය ප්‍රදේශයේ දී narcotic නිලධාරීන් සිදුකළ සිදු කළ වැටලීමකින් ICE මත්ද්‍රව්‍ය 1kg සමග සැකකරුවන්  02ක්(29,37)අත්අඩංගුවට"
thawath corona asadithain 70k handuna gene. ada dina wartha wu asadithain sankyawa 248k.- rajaye prauththi departhamenthuwa,තවත් කෝරෝන අසදිතඉන් 70ක් හන්දුන ගෙනෙ . අද දින වර්ත වු අසදිතඉන් සන්ක්යව 248ක් .- රජයෙ ප්‍රෞත්ති දෙපර්තමෙන්තුව,තවත් කොරෝනා ආසාදිතයින් 70ක් හඳුනාගැනීම අද දින වාර්තා වූ ආසාදිතයින් සංඛ්‍යාව 248ක් රජයේ ප්‍රවෘත්ති දෙපාර්තමේන්තුව
update: thawath covid-19 asadithayin 70 deneku haduna ganne.ada wartha wu asadithayin ganana 248 dakwa ihalata - yuda hamudapathi,update : තවත් covid - 19 අසදිතයින් 70 දෙනෙකු හදුන ගන්නෙ . අද වර්ත වු අසදිතයින් ගනන 248 දක්වා ඉහලට - යුද හමුදපති,Update : තවත් covid 19 ආසාදිතයින් 70 දෙනෙකු හඳුනා ගැනේ අද වාර්තා වූ ආසාදිතයින් ගණන  248 දක්වා ඉහලට යුද හමුදා පති
update - thawath covid-19 asadithayin 70k wartha wei.: army commander,update - තවත් covid - 19 අසදිතයින් 70ක් වර්ත වෙඉ .: army commander,Update : තවත් covid 19  ආසාදිතයින් 70ක් වාර්තාවේ army commander
covid-19 asaditha marana 05 k ada wartha weemath samaga merata samastha marana 532 dakwa ihalata - saukya amathyanshaya,covid - 19 අසදිත මරන 05 ක් අද වර්ත වීමත් සමග මෙරට සමස්ත මරන 532 දක්වා ඉහලට - සෞක්ය අමත්යන්ශය,Covid 19 ආසාදිත  මරණ 05ක් අද වාර්තාවීමත් සමඟ මෙරට සමස්ත මරණ දක්වා ඉහලට සෞඛ්‍ය අමාත්‍යාංශය 532 දක්වා ඉහලට සෞඛ්‍ය අමාත්‍යාංශය
thawath covid-19 marana 05k wartha-wei; samastha marana 532 dakwa ihalata.: information department,තවත් covid - 19 මරන 05ක් වර්ත - වෙඉ ; සමස්ත මරන 532 දක්වා ඉහලට .: ඉන්fඕර්මටිඕන් දෙපර්ට්මෙන්ට්,තවත් Covid 19 මරණ 05ක් වාර්තාවේ සමස්ත මරණ 532 දක්වා ඉහලට information department
thawath corona asadithain 178k handuna gene.- rajaye prauththi departhamenthuwa,තවත් කෝරෝන අසදිතඉන් 178ක් හන්දුන ගෙනෙ .- රජයෙ ප්‍රෞත්ති දෙපර්තමෙන්තුව,තවත් කොරෝනා ආසාදිතයින් 178ක් හඳුනාගැනී රජයේ ප්‍රවෘත්ති දෙපාර්තමේන්තුව
"wathu kamkaru dainika wetupa rupiyal 1,000k bawata path karamin nikuth kala gazzte niwedanaya balarahitha karana lesa illa..(1/2)","වතු කම්කරු දඉනික වෙටුප රුපියල් 1 , 000ක් බවට පත් කරමින් නිකුත් කල ගzzටෙ නිවෙදනය බලරහිත කරන ලෙස ඉල්ල ..( 1 / 2 )",වතු කම්කරු දෛනික වැටුප රුපියල්  1000ක් බවට පත් කරමින් නිකුත් කළ ගැසට් නිවේදනය බලරහිත කරන ලෙස ඉල්ලා
..wewili samagam 20k abhiyachanadhikaranayata rit agcha pethsamak gonu karai.(2/2),.. වෙවිලි සමගම් 20ක් අබ්හියචනද්හිකරනයට රිට් අග්ච පෙත්සමක් ගෝනු කරඉ .( 2 / 2 ),වැවිලි සමාගම් 20ක් අභියාචනාධිකරණයට රිට් ආඥා ආඥා පෙත්සමක් ගොනු කරයි
covid-19 asadithayin 178 deneku haduna ganne - yuda hamudapathi,covid - 19 අසදිතයින් 178 දෙනෙකු හදුන ගන්නෙ - යුද හමුදපති,Covid 19 ආසාදිතයින් 178 දෙනෙකු හඳුනා ගැනේ යුද හමුදාපති
thawath covid-19 asadithayin 178k wartha wei.: army commander,තවත් covid - 19 අසදිතයින් 178ක් වර්ත වෙඉ .: army commander,තවත් covid 19 ආසාදිතයින් 178ක් වාර්තාවේ army commander
podu prawahana sewa sidu karannanta leasing sadaha 04/01 sita maasa 06ka sahana kalayak dena lesa leasing ha vanija banku walata maha bankuwa danum dei,පෝදු ප්‍රවහන සෙව සිදු කරන්නන්ට ලේසින්ග් සදහ 04 / 01 සිට මාස 06ක සහන කලයක් දෙන ලෙස ලේසින්ග් හා වනිජ බන්කු වලට මහ බන්කුව දනුම් දෙඉ,පොදු ප්‍රවාහන සේවා සිදුකරන්නන්ට ලීසිං සඳහා 04/01සිට මාස හයක් සහන කාලයක් දෙන ලෙස ලීසින් හා වාණිජ බැංකුවලට මහ බැංකුව දැනුම් දෙයි
magii prawahana sewaye niyuthu wyapara ha pudgalainge kalbadhu pahasukam sandaha maasa 06ka naya..(1/2),මගී ප්‍රවහන සෙවයෙ නියුතු ව්යපර හා පුද්ගලඉන්ගෙ කල්බද්හු පහසුකම් සඳහා මාස 06ක නය ..( 1 / 2 ),මගී ප්‍රවාහන සේවය සේවයේ නියුතු ව්‍යාපාර හා පුද්ගලයින්ගේ කල්බදු පහසුකම් සඳහා මාස 6 ක ණය
"..sahana yojana kramayak laba dena lesa maha benkuwa, waanija benkuwalata haa muulya aayathanawalata danwai. (2/2)",".. සහන යෝජන ක්‍රමයක් ලබ දෙන ලෙස මහ බෙන්කුව , වානිජ බෙන්කුවලට හා මූල්ය ආයතනවලට දන්වඉ . ( 2 / 2 )",සහන යෝජනා ක්‍රමයක් ලබා දෙන ලෙස මහ බැංකුව වාණිජ බැංකුවලට හා මූල්‍ය බැංකු හා මූල්‍ය ආයතන වලට දන්වයි
(2/2)kriyathmaka karana lesa maha benkuwen benku ha muulya ayathana wetha danwai.wedidhura thorathuru sadaha piwisenna - www.adaderana.lk web adawiyata,( 2 / 2 ) ක්‍රියත්මක කරන ලෙස මහ බෙන්කුවෙන් බෙන්කු හා මූල්ය අයතන වෙත දන්වඉ . වෙදිද්හුර තෝරතුරු සදහ පිවිසෙන්න - ව්ව්ව් . අදදෙරන . ල්ක් වෙබ් අදවියට,ක්‍රියාත්මක කරන ලෙස මහ බැංකුවෙන් බැංකු හා මූල්‍ය ආයතන වෙත දන්වයි වැඩිදුර තොරතුරු සඳහා පිවිසෙන්න www.adaderana.lk වෙබ් අඩවිය
magee pravahana sewaye niyuthu pudgalayinta kalbadhu pahasukam sadaha maasa 6 k ho eeta adu kaala seemawakata naya sahana yojana kramayak(1/2),මගී ප්‍රවහන සෙවයෙ නියුතු පුද්ගලයින්ට කල්බද්හු පහසුකම් සදහ මාස 6 ක් හෝ‍ ඊට අදු කාල සීමවකට නය සහන යෝජන ක්‍රමයක් ( 1 / 2 ),මගී ප්‍රවාහන සේවයේ නියුතු පුද්ගලයින්ට කල්ප ද පහසුකම් සඳහා මාස 6ක් හෝ ඊට අඩු කාලසීමාවකට ණය සඳහා යෝජනා ක්‍රමයක්
"covid-19 asadithayin 321 deneku suwaya labai.merata suwaya labaa rohalwalin pitawa giya samastha ganana 84,969 dakwa ihalata - saukya amathyanshaya","covid - 19 අසදිතයින් 321 දෙනෙකු සුවය ලබඉ . මෙරට සුවය ලබා රෝහල්වලින් පිටව ගිය සමස්ත ගනන 84 , 969 දක්වා ඉහලට - සෞක්ය අමත්යන්ශය",Covid 19 ආසාදිතයින් 321දෙනෙකු සුවය ලබයි මෙරට සුවය ලබා රෝහල් වලින් පිටව ගියේ සමස්ත ගණන 84969දක්වා ඉහළට ඉහළට සෞඛ්‍ය අමාත්‍යාංශය
"thawath covid-19 asadithayin 321k suwaya laba pitawa yai; suwaya labu mulu sankyawa 84,968.: epid","තවත් covid - 19 අසදිතයින් 321ක් සුවය ලබ පිටව යඉ ; සුවය ලබු මුලු සන්ක්යව 84 , 968 .: එපිද්",තවත් covid 19 ආසාදිතයින් 321ක් සුවය ලබා පිටව යයි සුවය ලැබූ මුළු සංඛ්‍යාව 84968:EPID
(2/2) dna parikshanayen thahawuru wei.: police spokesman,( 2 / 2 ) ද්න පරික්ශනයෙන් තහවුරු වෙඉ .: පෝලිකෙ ස්පෝකෙස්මන්,DNA පරීක්ෂණයෙන් තහවුරු  වේ police spokesmen
"kohuwala, asiri mawathe ginigath motor rathayakin hamu-wu mala sirura, kohuwala - bathiya mawathe padinchi 33-haviridi wyaparikayage bawata (1/2)","කෝහුවල , අසිරි මවතෙ ගිනිගත් මෝටෝර් රතයකින් හමු - වු මල සිරුර , කෝහුවල - බතිය මවතෙ පදින්චි 33 - හවිරිදි ව්යපරිකයගෙ බවට ( 1 / 2 )",kohuwala ආසිරි මාවතේ ගිනකොහුවල ආසිරි මාවතේ ගිනි ගත් මෝටර් රථයකින් හමුවූ මළ සිරුර කොහුවල භාතිය මාවතේ පදිංචි 33 හැවිරිදි ව්‍යාපාරිකයෙකුගේ බවට
..kohuwala bhathiya mawathe padinchi 33 hewiridi wyaparikayage bawa dna parikshanayen thahawuru wei.-police (2/2),.. කෝහුවල බ්හතිය මවතෙ පදින්චි 33 හෙවිරිදි ව්යපරිකයගෙ බව ද්න පරික්ශනයෙන් තහවුරු වෙඉ .- පෝලිකෙ ( 2 / 2 ),කොහුවල භාතිය මාවතේ පදිංචි 33 හැවිරිදි ව්‍යාපාරිකයෝ ගේ බව DNA පරීක්ෂණයෙන් තහවුරු වෙයි පොලිස්
"kohuwaladi mortor rathayak thula thibi soyagath pilissie giya mala sirura, (1/2)","කෝහුවලදි මෝර්ටෝර් රතයක් තුළ තිබි සෝයගත් පිලිස්සී ගිය මල සිරුර , ( 1 / 2 )",කොහුවල දී මෝටර් රථයක් තුළ තිබූ සොයාගත්  පිළිස්සී ගිය මළ සිරුර
(2/2)mtv/sirasa ta erehiwa panawa ethi waarana niyogaya colamba disa adhikaranayen thawaduratath deerga karai,( 2 / 2 ) ම්ට්ව් / සිරස ට එරෙහිව පනව එති වාරන නියෝගය කෝලම්බ දිස අද්හිකරනයෙන් තවදුරටත් දීර්ග කරඉ,MTV/සිරස ට එරෙහිව පනවා ඇති වාරණ නියෝගය කොළඹ දිසා අධිකරණයෙන් තවදුරටත් දීර්ඝ
george steuart health samagamata ha ehi sabapathita apahasa wana lesa puwath pala kireema walakwalamin(1/2),ගෙඕර්ගෙ ස්ටෙඋඅර්ට් හේල්ත් සමගමට හා එහි සබපතිට අපහස වන ලෙස පුවත් පල කිරීම වලක්වලමින් ( 1 / 2 ),George Steuart Health සමාගමට හා එහි සභාපති ට අපහාස වන ලෙස පුවත් පළකිරීම වළකමින්
"kadawatha, kirillawala pradeshayedi lorry rathayak anathurakata lak weema hethuwen, colamba - nuwara pare ratha-wahana thada-badayak.: police","කදවත , කිරිල්ලවල ප්‍රදෙශයෙදි ලෝර්ර්ය් රතයක් අනතුරකට ලක් වීම හෙතුවෙන් , කෝලම්බ - නුවර පරෙ රත - වහන තද - බදයක් .: පෝලිකෙ",කඩවත කිරිල්ලවල ප්‍රදේශයේදී ලොරි රථයක් අනතුරට ලක්වීම හේතුවෙන් කොළඹ කොළඹ නුවර පාරේ රථවාහන තදබදයක් police
"sl - kodew 3 ekdina tharagaya; kodewwanta kadulu 5 ka jayak. sl-274/6(50) , kodew-276/5 (48.3) -  kodewwanta tharagawaliya 3-0 lesa jaya","ස්ල් - කෝදෙව් 3 එක්දින තරගය ; කෝදෙව්වන්ට කදුලු 5 ක ජයක් . ස්ල් - 274 / 6 ( 50 ) , කෝදෙව් - 276 / 5 ( 48 . 3 ) - කෝදෙව්වන්ට තරගවලිය 3 - 0 ලෙස ජය",SL කොදෙව්  3 එක්දින තරගය කොදෙව්වන්ට ලකුණු 5ක ජය SL-274/6(50)කොදෙව් 276/5 (48.3) කොදෙව්වන්ට තරඟාවලිය 3-0 ලෙස ජය
"3rd odi, sri lanka vs west indies ' antigua l wi kandayamata kadulu 05ka jayak. (3-0) sl 274/6(50) wi 276/5(48.3), bravo 102(132), lakmal 56/2","3ර්ද් ඕදි , ශ්‍රී ලන්ක ව්ස් වෙස්ට් ඉන්දීස් ' අන්ටිගුඅ ල් වි කන්දයමට කදුලු 05ක ජයක් . ( 3 - 0 ) ස්ල් 274 / 6 ( 50 ) වි 276 / 5 ( 48 . 3 ), බ්‍රවෝ 102 ( 132 ), ලක්මල් 56 / 2","3rd ODI, Sri Lanka Vs West Indies ' Antigua l WI කණ්ඩායමට කඩුලු 05 ජයක් (3-0) SL 274/6(50) WI 276/5(48.3), Bravo 102(132), ලක්මාල්  56/2"
